iter,point value,point opt_lb,point uni_opt_lb,agg value,agg opt_lb,agg uni_opt_lb,true value,true opt_lb,true uni_opt_lb
1,3.926015e+01,-8.472845e+01,-5.299145e+02,3.926015e+01,-8.472845e+01,-5.299145e+02,3.949441e+01,4.384477e+00,-1.894208e+02
2,2.373535e+01,-1.106968e+02,-1.196214e+03,3.149775e+01,-7.006029e+01,-6.128894e+02,2.372520e+01,-3.139042e+01,-9.243212e+02
3,1.294902e+01,-1.202623e+02,-1.693250e+03,2.531484e+01,-6.623114e+01,-5.120911e+02,1.317888e+01,-5.069854e+01,-1.450263e+03
4,2.122826e+00,-1.289807e+02,-2.493411e+03,1.951684e+01,-6.558156e+01,-5.769560e+02,2.028089e+00,-6.228678e+01,-1.502944e+03
5,-3.879104e+00,-1.078624e+02,-1.646166e+03,1.483765e+01,-6.259096e+01,-4.962132e+02,-4.663458e+00,-7.400319e+01,-1.487100e+03
6,-1.510155e+01,-1.037747e+02,-1.978828e+03,9.847784e+00,-6.064007e+01,-4.160280e+02,-1.477573e+01,-6.543338e+01,-1.589267e+03
7,-1.929759e+01,-8.941192e+01,-1.548374e+03,5.684159e+00,-5.813624e+01,-4.848205e+02,-2.023716e+01,-4.887003e+01,-7.127872e+02
8,-1.587459e+01,-7.630081e+01,-2.132326e+03,2.989315e+00,-5.512168e+01,-4.470319e+02,-1.678118e+01,-4.565520e+01,-1.399078e+03
9,-2.175973e+01,-1.216334e+02,-1.550836e+03,2.394204e-01,-5.484560e+01,-4.157229e+02,-2.291593e+01,-5.225190e+01,-7.326378e+02
10,-2.202994e+01,-8.238798e+01,-1.551107e+03,-1.987515e+00,-5.318024e+01,-3.912748e+02,-2.198926e+01,-5.220578e+01,-9.638328e+02
11,-1.752141e+01,-9.686354e+01,-1.455073e+03,-3.399687e+00,-5.138223e+01,-3.587631e+02,-1.823480e+01,-5.498870e+01,-1.135057e+03
12,-2.047477e+01,-8.242832e+01,-2.068345e+03,-4.822611e+00,-5.045105e+01,-3.729013e+02,-1.997990e+01,-4.255029e+01,-1.291745e+03
13,-2.414664e+01,-1.166971e+02,-1.399234e+03,-6.309075e+00,-5.036584e+01,-3.460765e+02,-2.338701e+01,-4.843514e+01,-7.154827e+02
14,-2.392639e+01,-9.805864e+01,-1.463003e+03,-7.567454e+00,-4.937971e+01,-3.230665e+02,-2.402883e+01,-4.664743e+01,-7.172742e+02
15,-2.315003e+01,-1.134109e+02,-1.584048e+03,-8.606292e+00,-4.902369e+01,-3.451159e+02,-2.329754e+01,-5.285140e+01,-9.055991e+02
16,-2.361533e+01,-1.379385e+02,-1.552692e+03,-9.544357e+00,-4.891037e+01,-3.528261e+02,-2.442762e+01,-5.242174e+01,-8.462978e+02
17,-2.630159e+01,-1.350895e+02,-1.642452e+03,-1.053008e+01,-4.900614e+01,-4.025163e+02,-2.605150e+01,-4.897444e+01,-7.187481e+02
18,-2.843203e+01,-1.776241e+02,-1.557385e+03,-1.152463e+01,-4.985722e+01,-3.817339e+02,-2.867575e+01,-6.337906e+01,-6.744829e+02
19,-2.128568e+01,-1.551256e+02,-1.708799e+03,-1.203837e+01,-4.984213e+01,-3.627630e+02,-2.073137e+01,-6.412958e+01,-1.590320e+03
20,-2.793784e+01,-1.862010e+02,-1.403025e+03,-1.283334e+01,-5.025336e+01,-3.460218e+02,-2.912928e+01,-5.877355e+01,-6.515566e+02
21,-2.804609e+01,-1.561051e+02,-2.074946e+03,-1.355776e+01,-5.047656e+01,-3.308801e+02,-2.664270e+01,-6.178947e+01,-1.297579e+03
22,-2.740705e+01,-1.660317e+02,-1.556484e+03,-1.418727e+01,-5.029177e+01,-3.170858e+02,-2.875572e+01,-5.798010e+01,-7.121224e+02
23,-2.899057e+01,-1.605667e+02,-1.404078e+03,-1.483089e+01,-5.023197e+01,-3.045600e+02,-2.925539e+01,-5.767346e+01,-7.233146e+02
24,-2.674403e+01,-1.746013e+02,-1.555821e+03,-1.532727e+01,-5.001098e+01,-2.929843e+02,-2.756178e+01,-6.265375e+01,-9.105878e+02
25,-2.568131e+01,-1.589958e+02,-1.464653e+03,-1.574144e+01,-4.982801e+01,-2.822922e+02,-2.670706e+01,-5.564944e+01,-1.112950e+03
26,-2.766902e+01,-2.007201e+02,-1.890337e+03,-1.620019e+01,-5.010034e+01,-2.724990e+02,-2.882242e+01,-6.244221e+01,-1.157733e+03
27,-2.880403e+01,-1.942100e+02,-1.557881e+03,-1.666700e+01,-5.030673e+01,-2.634732e+02,-3.016615e+01,-6.075126e+01,-6.553052e+02
28,-2.777478e+01,-1.895792e+02,-1.968719e+03,-1.706370e+01,-5.032583e+01,-2.550554e+02,-2.884423e+01,-6.853280e+01,-1.442505e+03
29,-3.267571e+01,-1.871267e+02,-1.453178e+03,-1.760205e+01,-5.038422e+01,-2.473872e+02,-3.283943e+01,-5.581027e+01,-6.849175e+02
30,-3.260059e+01,-2.181222e+02,-1.555868e+03,-1.810200e+01,-5.058218e+01,-2.402276e+02,-3.466226e+01,-5.840178e+01,-7.498589e+02
31,-3.242594e+01,-1.992643e+02,-1.427280e+03,-1.856406e+01,-5.065355e+01,-2.335243e+02,-3.299128e+01,-6.240908e+01,-7.757130e+02
32,-3.642271e+01,-2.013265e+02,-1.560700e+03,-1.912215e+01,-5.091369e+01,-2.273649e+02,-3.511959e+01,-6.529310e+01,-7.578470e+02
33,-3.331015e+01,-2.060166e+02,-1.458015e+03,-1.955209e+01,-5.105555e+01,-2.214845e+02,-3.363104e+01,-6.659240e+01,-1.256041e+03
34,-3.482978e+01,-1.905682e+02,-1.397091e+03,-2.000143e+01,-5.102927e+01,-2.159946e+02,-3.430337e+01,-6.082317e+01,-7.753066e+02
35,-3.385610e+01,-2.070485e+02,-1.472933e+03,-2.039728e+01,-5.111585e+01,-2.107907e+02,-3.330415e+01,-5.836789e+01,-5.269644e+02
36,-2.883945e+01,-2.018940e+02,-1.521061e+03,-2.063178e+01,-5.094764e+01,-2.057365e+02,-3.079795e+01,-6.229087e+01,-6.574695e+02
37,-3.508321e+01,-2.181379e+02,-1.232032e+03,-2.102236e+01,-5.109557e+01,-2.011242e+02,-3.635695e+01,-6.423973e+01,-5.655620e+02
38,-3.108779e+01,-2.202975e+02,-2.219823e+03,-2.128724e+01,-5.114196e+01,-1.966496e+02,-3.152137e+01,-6.861073e+01,-1.423455e+03
39,-3.266161e+01,-1.996413e+02,-1.561739e+03,-2.157889e+01,-5.121389e+01,-1.924447e+02,-3.283580e+01,-5.038000e+01,-7.235700e+02
40,-2.820029e+01,-2.039900e+02,-2.352548e+03,-2.174443e+01,-5.106904e+01,-2.132035e+02,-2.891552e+01,-5.860555e+01,-1.559941e+03
41,-3.489740e+01,-2.464047e+02,-1.563974e+03,-2.206523e+01,-5.133878e+01,-2.088546e+02,-3.643662e+01,-6.037925e+01,-1.426725e+03
42,-3.438794e+01,-2.078111e+02,-2.090848e+03,-2.235863e+01,-5.148121e+01,-2.224681e+02,-3.496262e+01,-5.821948e+01,-1.490663e+03
43,-3.116265e+01,-2.015276e+02,-1.695981e+03,-2.256337e+01,-5.146597e+01,-2.194534e+02,-3.188728e+01,-6.706201e+01,-1.670464e+03
44,-3.371184e+01,-2.169295e+02,-1.567028e+03,-2.281675e+01,-5.143544e+01,-2.233946e+02,-3.452136e+01,-5.563258e+01,-6.446158e+02
45,-3.701002e+01,-2.342172e+02,-1.581097e+03,-2.313215e+01,-5.154695e+01,-2.192534e+02,-3.720234e+01,-6.301710e+01,-7.258054e+02
46,-3.742055e+01,-2.419421e+02,-1.569001e+03,-2.344277e+01,-5.169067e+01,-2.153005e+02,-3.834777e+01,-5.379749e+01,-4.791655e+02
47,-3.933499e+01,-2.329739e+02,-1.432290e+03,-2.378090e+01,-5.187008e+01,-2.115565e+02,-4.007616e+01,-6.083467e+01,-5.458580e+02
48,-3.830072e+01,-2.384448e+02,-1.289130e+03,-2.408340e+01,-5.195164e+01,-2.079474e+02,-3.985298e+01,-5.767311e+01,-7.883054e+02
49,-3.752390e+01,-2.280239e+02,-1.421611e+03,-2.435770e+01,-5.195861e+01,-2.044744e+02,-3.639318e+01,-5.588476e+01,-5.958192e+02
50,-3.906628e+01,-2.062492e+02,-1.478143e+03,-2.465187e+01,-5.190329e+01,-2.011662e+02,-3.731385e+01,-5.306554e+01,-6.621074e+02
51,-3.340890e+01,-2.366349e+02,-1.472486e+03,-2.482357e+01,-5.193837e+01,-1.978791e+02,-3.630559e+01,-5.005761e+01,-6.280990e+02
52,-3.260787e+01,-2.642438e+02,-1.471685e+03,-2.497327e+01,-5.190690e+01,-1.947008e+02,-3.694994e+01,-5.745545e+01,-6.611140e+02
53,-3.677477e+01,-2.663753e+02,-1.977440e+03,-2.519594e+01,-5.193394e+01,-1.917211e+02,-3.907648e+01,-7.001323e+01,-1.463583e+03
54,-3.958801e+01,-2.274269e+02,-1.529726e+03,-2.546246e+01,-5.197341e+01,-1.889038e+02,-4.051652e+01,-5.496204e+01,-4.336412e+02
55,-3.885270e+01,-2.351851e+02,-1.432219e+03,-2.570592e+01,-5.194493e+01,-1.861756e+02,-3.995629e+01,-6.110823e+01,-5.846662e+02
56,-3.970935e+01,-2.533717e+02,-1.978894e+03,-2.595598e+01,-5.201989e+01,-1.841233e+02,-4.050581e+01,-6.479337e+01,-1.462879e+03
57,-3.746994e+01,-2.591041e+02,-1.498168e+03,-2.615798e+01,-5.208234e+01,-1.817062e+02,-4.120219e+01,-5.937617e+01,-5.637708e+02
58,-4.240837e+01,-2.307335e+02,-1.438179e+03,-2.643816e+01,-5.216508e+01,-1.807292e+02,-4.128972e+01,-5.746530e+01,-5.178671e+02
59,-3.726197e+01,-2.122008e+02,-1.430435e+03,-2.662161e+01,-5.209478e+01,-1.926715e+02,-3.797598e+01,-5.439488e+01,-7.071440e+02
60,-3.540576e+01,-2.856186e+02,-1.579492e+03,-2.676802e+01,-5.218521e+01,-1.982049e+02,-3.941018e+01,-5.912104e+01,-7.685553e+02
61,-4.030788e+01,-2.591537e+02,-1.449882e+03,-2.698998e+01,-5.222370e+01,-1.956215e+02,-4.152883e+01,-6.515887e+01,-6.978039e+02
62,-4.272916e+01,-2.506262e+02,-1.433549e+03,-2.724384e+01,-5.232994e+01,-2.069187e+02,-4.339329e+01,-5.639924e+01,-3.781422e+02
63,-3.798307e+01,-2.318350e+02,-1.435101e+03,-2.741430e+01,-5.229003e+01,-2.042375e+02,-3.876170e+01,-5.367082e+01,-7.727546e+02
64,-3.586491e+01,-2.119667e+02,-1.474713e+03,-2.754634e+01,-5.221324e+01,-2.016067e+02,-3.714795e+01,-5.405046e+01,-7.746585e+02
65,-3.687596e+01,-2.287182e+02,-1.563836e+03,-2.768988e+01,-5.215893e+01,-1.990723e+02,-3.835745e+01,-5.685887e+01,-7.857749e+02
66,-4.127821e+01,-2.503816e+02,-1.483251e+03,-2.789576e+01,-5.220649e+01,-2.023120e+02,-4.209790e+01,-5.552562e+01,-7.759969e+02
67,-3.450297e+01,-2.048879e+02,-1.585925e+03,-2.799438e+01,-5.216374e+01,-2.090310e+02,-3.612197e+01,-4.802964e+01,-7.784321e+02
68,-3.730281e+01,-2.476694e+02,-1.515740e+03,-2.813126e+01,-5.214162e+01,-2.065100e+02,-4.019017e+01,-5.224362e+01,-7.598150e+02
69,-3.761894e+01,-2.189595e+02,-1.566696e+03,-2.826877e+01,-5.215660e+01,-2.040582e+02,-3.667561e+01,-5.849832e+01,-7.304863e+02
70,-3.672489e+01,-2.258400e+02,-1.565802e+03,-2.838957e+01,-5.209235e+01,-2.116508e+02,-3.663336e+01,-5.891351e+01,-7.318876e+02
71,-3.218216e+01,-2.158965e+02,-1.563287e+03,-2.844299e+01,-5.194951e+01,-2.091232e+02,-3.391207e+01,-5.416657e+01,-7.387878e+02
72,-3.380410e+01,-2.345492e+02,-1.563397e+03,-2.851745e+01,-5.180662e+01,-2.066882e+02,-3.675643e+01,-4.955015e+01,-7.225455e+02
73,-3.659925e+01,-2.121558e+02,-1.578349e+03,-2.862815e+01,-5.170985e+01,-2.111576e+02,-3.718673e+01,-5.468191e+01,-7.440826e+02
74,-4.293628e+01,-2.585780e+02,-1.427023e+03,-2.882151e+01,-5.177557e+01,-2.088871e+02,-4.248032e+01,-5.499765e+01,-6.560057e+02
75,-4.142289e+01,-2.756772e+02,-1.434789e+03,-2.898953e+01,-5.186293e+01,-2.066542e+02,-4.338234e+01,-5.421734e+01,-6.506894e+02
76,-4.349492e+01,-2.688952e+02,-1.567420e+03,-2.918039e+01,-5.196510e+01,-2.044935e+02,-4.461307e+01,-5.379705e+01,-4.243936e+02
77,-4.114366e+01,-2.790304e+02,-1.570221e+03,-2.933575e+01,-5.199446e+01,-2.024342e+02,-4.309090e+01,-5.437511e+01,-3.279983e+02
78,-4.480918e+01,-2.510750e+02,-1.529393e+03,-2.953413e+01,-5.205004e+01,-2.035211e+02,-4.390702e+01,-5.886265e+01,-4.546513e+02
79,-4.061176e+01,-2.666617e+02,-1.332878e+03,-2.967435e+01,-5.201490e+01,-2.016392e+02,-4.175340e+01,-5.677506e+01,-4.544361e+02
80,-4.268913e+01,-2.296309e+02,-1.463039e+03,-2.983704e+01,-5.204453e+01,-2.119959e+02,-4.093293e+01,-5.194965e+01,-6.744939e+02
81,-4.120769e+01,-2.873142e+02,-1.583773e+03,-2.997742e+01,-5.206874e+01,-2.098873e+02,-4.360486e+01,-5.869624e+01,-6.916522e+02
82,-4.162083e+01,-2.657737e+02,-1.574132e+03,-3.011941e+01,-5.209153e+01,-2.078368e+02,-4.261648e+01,-5.420410e+01,-4.581805e+02
83,-4.485292e+01,-2.709969e+02,-1.402976e+03,-3.029692e+01,-5.219530e+01,-2.058732e+02,-4.541442e+01,-5.397628e+01,-2.701739e+02
84,-4.376120e+01,-2.607269e+02,-1.590351e+03,-3.045721e+01,-5.218140e+01,-2.039434e+02,-4.441582e+01,-5.245340e+01,-5.011632e+02
85,-4.504130e+01,-2.564659e+02,-1.436806e+03,-3.062879e+01,-5.220292e+01,-2.020740e+02,-4.465934e+01,-5.410099e+01,-4.277720e+02
86,-4.500052e+01,-2.649412e+02,-1.574078e+03,-3.079590e+01,-5.221517e+01,-2.002477e+02,-4.482829e+01,-5.412611e+01,-6.998776e+02
87,-4.213085e+01,-2.682566e+02,-1.571208e+03,-3.092619e+01,-5.221769e+01,-1.984303e+02,-4.429049e+01,-5.146731e+01,-6.996846e+02
88,-4.480463e+01,-2.433900e+02,-1.488080e+03,-3.108390e+01,-5.225344e+01,-1.966845e+02,-4.443615e+01,-5.206450e+01,-4.682504e+02
89,-4.430609e+01,-2.706802e+02,-1.462032e+03,-3.123246e+01,-5.225494e+01,-1.949724e+02,-4.596785e+01,-5.678143e+01,-7.231153e+02
90,-4.479219e+01,-2.570648e+02,-1.577303e+03,-3.138313e+01,-5.225398e+01,-1.933037e+02,-4.526699e+01,-5.138865e+01,-3.794397e+02
91,-4.486268e+01,-2.527937e+02,-1.565147e+03,-3.153125e+01,-5.227662e+01,-1.916725e+02,-4.457197e+01,-5.559304e+01,-4.245068e+02
92,-4.467783e+01,-2.523760e+02,-1.592862e+03,-3.167415e+01,-5.232087e+01,-1.900747e+02,-4.511420e+01,-5.249226e+01,-6.571768e+02
93,-3.851937e+01,-2.187889e+02,-1.580566e+03,-3.174776e+01,-5.228869e+01,-1.884451e+02,-3.953169e+01,-5.608506e+01,-7.908993e+02
94,-4.160591e+01,-2.481871e+02,-1.413914e+03,-3.185263e+01,-5.223994e+01,-1.868830e+02,-4.328738e+01,-5.679715e+01,-6.796154e+02
95,-4.479887e+01,-2.576023e+02,-1.553401e+03,-3.198891e+01,-5.226246e+01,-1.853874e+02,-4.555381e+01,-5.316941e+01,-5.924971e+02
96,-4.060121e+01,-2.475224e+02,-1.340368e+03,-3.207862e+01,-5.220323e+01,-1.838792e+02,-4.267098e+01,-5.273951e+01,-5.900863e+02
97,-4.183228e+01,-2.834110e+02,-1.564323e+03,-3.217917e+01,-5.221740e+01,-1.824148e+02,-4.512184e+01,-5.526230e+01,-4.893241e+02
98,-4.440787e+01,-2.586925e+02,-1.594268e+03,-3.230395e+01,-5.221227e+01,-1.810065e+02,-4.503351e+01,-5.353603e+01,-5.599897e+02
99,-4.251524e+01,-2.431165e+02,-1.415776e+03,-3.240710e+01,-5.219930e+01,-1.796076e+02,-4.210802e+01,-5.539317e+01,-5.535585e+02
100,-4.261204e+01,-2.351623e+02,-1.305873e+03,-3.250915e+01,-5.219310e+01,-1.782377e+02,-4.279189e+01,-5.656989e+01,-7.877698e+02
101,-4.367344e+01,-2.682294e+02,-1.384798e+03,-3.261968e+01,-5.219320e+01,-1.769054e+02,-4.553649e+01,-5.289511e+01,-6.578994e+02
102,-4.577156e+01,-2.476335e+02,-1.439138e+03,-3.274862e+01,-5.218529e+01,-1.756197e+02,-4.584501e+01,-5.345468e+01,-6.579776e+02
103,-4.317790e+01,-2.678415e+02,-1.567103e+03,-3.284988e+01,-5.214044e+01,-1.743339e+02,-4.566980e+01,-5.361851e+01,-6.581232e+02
104,-4.533313e+01,-2.615334e+02,-1.597541e+03,-3.296991e+01,-5.218522e+01,-1.730935e+02,-4.631693e+01,-5.210984e+01,-6.580795e+02
105,-4.241338e+01,-2.372095e+02,-1.504543e+03,-3.305985e+01,-5.213977e+01,-1.718489e+02,-4.266555e+01,-5.761125e+01,-7.954273e+02
106,-4.413289e+01,-2.499390e+02,-1.450477e+03,-3.316431e+01,-5.211742e+01,-1.706441e+02,-4.507566e+01,-5.185619e+01,-5.927844e+02
107,-4.286712e+01,-2.394669e+02,-1.591052e+03,-3.325499e+01,-5.210406e+01,-1.694499e+02,-4.274310e+01,-5.412096e+01,-7.972459e+02
108,-4.123691e+01,-2.545781e+02,-1.304112e+03,-3.332890e+01,-5.205607e+01,-1.682627e+02,-4.381708e+01,-5.157381e+01,-7.986939e+02
109,-4.310817e+01,-2.418153e+02,-1.415417e+03,-3.341862e+01,-5.205663e+01,-1.671145e+02,-4.358600e+01,-5.203049e+01,-7.952191e+02
110,-4.367799e+01,-2.575705e+02,-1.591863e+03,-3.351188e+01,-5.207272e+01,-1.659924e+02,-4.443923e+01,-5.212466e+01,-4.443835e+02
111,-4.077895e+01,-2.446350e+02,-1.412311e+03,-3.357735e+01,-5.201413e+01,-1.648643e+02,-4.312946e+01,-5.187836e+01,-7.962752e+02
112,-4.307692e+01,-2.401809e+02,-1.438982e+03,-3.366217e+01,-5.199738e+01,-1.637770e+02,-4.386516e+01,-5.198446e+01,-7.749237e+02
113,-4.327882e+01,-2.331630e+02,-1.436645e+03,-3.374727e+01,-5.197159e+01,-1.627106e+02,-4.340231e+01,-5.313509e+01,-7.617746e+02
114,-4.649373e+01,-2.481546e+02,-1.387618e+03,-3.385908e+01,-5.198316e+01,-1.616912e+02,-4.577173e+01,-5.200046e+01,-3.574285e+02
115,-4.323380e+01,-2.560411e+02,-1.567158e+03,-3.394060e+01,-5.196567e+01,-1.606611e+02,-4.475348e+01,-5.033839e+01,-5.375770e+02
116,-4.400164e+01,-2.620270e+02,-1.444140e+03,-3.402734e+01,-5.194782e+01,-1.596554e+02,-4.531445e+01,-5.186092e+01,-4.288406e+02
117,-4.436683e+01,-2.526158e+02,-1.534505e+03,-3.411571e+01,-5.198136e+01,-1.586701e+02,-4.485406e+01,-4.902870e+01,-4.747371e+02
118,-4.552277e+01,-2.640660e+02,-1.383026e+03,-3.421238e+01,-5.197457e+01,-1.577112e+02,-4.624155e+01,-5.239820e+01,-2.761909e+02
119,-4.231530e+01,-2.640969e+02,-1.413847e+03,-3.428047e+01,-5.193896e+01,-1.567415e+02,-4.492802e+01,-5.054831e+01,-4.650955e+02
120,-4.433427e+01,-2.556013e+02,-1.415866e+03,-3.436425e+01,-5.193441e+01,-1.558047e+02,-4.482018e+01,-5.329368e+01,-4.554096e+02
121,-4.179162e+01,-2.551289e+02,-1.477767e+03,-3.442563e+01,-5.190889e+01,-1.548625e+02,-4.314456e+01,-5.233175e+01,-7.785377e+02
122,-4.393041e+01,-2.584322e+02,-1.431691e+03,-3.450354e+01,-5.188342e+01,-1.539532e+02,-4.479159e+01,-4.862749e+01,-3.298002e+02
123,-4.540393e+01,-2.573918e+02,-1.420491e+03,-3.459216e+01,-5.190081e+01,-1.530707e+02,-4.460064e+01,-4.957021e+01,-4.304512e+02
124,-4.447908e+01,-2.550142e+02,-1.534617e+03,-3.467190e+01,-5.192204e+01,-1.521950e+02,-4.416661e+01,-4.966878e+01,-5.566973e+02
125,-4.456009e+01,-2.649964e+02,-1.595983e+03,-3.475100e+01,-5.192681e+01,-1.513339e+02,-4.459454e+01,-4.801422e+01,-4.561819e+02
126,-4.392836e+01,-2.426257e+02,-1.439833e+03,-3.482384e+01,-5.190951e+01,-1.504815e+02,-4.315405e+01,-4.883098e+01,-6.300356e+02
127,-4.346217e+01,-2.783253e+02,-1.572539e+03,-3.489186e+01,-5.189922e+01,-1.496388e+02,-4.518327e+01,-4.770639e+01,-3.909347e+02
128,-4.841091e+01,-2.519896e+02,-1.420719e+03,-3.499747e+01,-5.190763e+01,-1.488479e+02,-4.635936e+01,-4.944720e+01,-5.119677e+02
129,-4.472987e+01,-2.753849e+02,-1.539844e+03,-3.507292e+01,-5.190717e+01,-1.480408e+02,-4.717060e+01,-4.968757e+01,-1.850955e+02
130,-4.460595e+01,-2.592503e+02,-1.544199e+03,-3.514625e+01,-5.188334e+01,-1.472452e+02,-4.538984e+01,-4.828171e+01,-5.131427e+02
131,-4.340421e+01,-2.799355e+02,-1.595612e+03,-3.520929e+01,-5.184688e+01,-1.464525e+02,-4.666029e+01,-4.882664e+01,-1.704973e+02
132,-4.432370e+01,-2.832009e+02,-1.425217e+03,-3.527834e+01,-5.183686e+01,-1.456788e+02,-4.656990e+01,-4.941493e+01,-3.119490e+02
133,-4.173943e+01,-2.562604e+02,-1.531877e+03,-3.532692e+01,-5.179690e+01,-1.448973e+02,-4.421644e+01,-5.278776e+01,-5.257542e+02
134,-4.342561e+01,-2.758571e+02,-1.467672e+03,-3.538735e+01,-5.177858e+01,-1.441400e+02,-4.552635e+01,-5.254764e+01,-4.726866e+02
135,-4.404098e+01,-2.820401e+02,-1.573118e+03,-3.545146e+01,-5.175626e+01,-1.433986e+02,-4.575447e+01,-4.940998e+01,-2.745390e+02
136,-4.835516e+01,-2.446310e+02,-1.302951e+03,-3.554634e+01,-5.177247e+01,-1.426997e+02,-4.670905e+01,-4.998948e+01,-3.592239e+02
137,-4.520311e+01,-2.572425e+02,-1.535341e+03,-3.561682e+01,-5.175197e+01,-1.419881e+02,-4.639189e+01,-4.948224e+01,-4.803822e+02
138,-4.461457e+01,-2.755282e+02,-1.286336e+03,-3.568202e+01,-5.174599e+01,-1.412825e+02,-4.672123e+01,-5.150111e+01,-5.293513e+02
139,-4.928056e+01,-2.328611e+02,-1.435004e+03,-3.577986e+01,-5.174805e+01,-1.406206e+02,-4.620640e+01,-5.115687e+01,-4.948735e+02
140,-4.504682e+01,-2.715568e+02,-1.535185e+03,-3.584605e+01,-5.176602e+01,-1.399379e+02,-4.646186e+01,-5.140852e+01,-3.417613e+02
141,-4.412223e+01,-2.548920e+02,-1.416431e+03,-3.590474e+01,-5.174309e+01,-1.392584e+02,-4.401811e+01,-5.170790e+01,-5.638612e+02
142,-4.020441e+01,-2.658894e+02,-1.433571e+03,-3.593502e+01,-5.169328e+01,-1.385608e+02,-4.437230e+01,-5.210508e+01,-7.253802e+02
143,-4.449484e+01,-2.621171e+02,-1.342415e+03,-3.599488e+01,-5.166900e+01,-1.379030e+02,-4.716987e+01,-5.188945e+01,-3.751647e+02
144,-4.626345e+01,-2.656011e+02,-1.460373e+03,-3.606619e+01,-5.169537e+01,-1.372666e+02,-4.708991e+01,-5.350813e+01,-3.753031e+02
145,-4.560199e+01,-2.776079e+02,-1.425222e+03,-3.613196e+01,-5.170480e+01,-1.366344e+02,-4.772935e+01,-5.264472e+01,-5.521742e+02
146,-4.715957e+01,-2.548975e+02,-1.606407e+03,-3.620749e+01,-5.172125e+01,-1.360216e+02,-4.780572e+01,-5.187310e+01,-4.422897e+02
147,-4.511259e+01,-2.516795e+02,-1.423218e+03,-3.626807e+01,-5.170385e+01,-1.354032e+02,-4.525929e+01,-4.979231e+01,-4.401084e+02
148,-4.582581e+01,-2.588388e+02,-1.497960e+03,-3.633265e+01,-5.170131e+01,-1.347979e+02,-4.695201e+01,-5.193505e+01,-3.547270e+02
149,-4.597527e+01,-2.588112e+02,-1.605222e+03,-3.639736e+01,-5.168369e+01,-1.342018e+02,-4.690318e+01,-5.101898e+01,-6.059797e+02
150,-4.769383e+01,-2.594555e+02,-1.589828e+03,-3.647267e+01,-5.168040e+01,-1.336251e+02,-4.840189e+01,-5.060943e+01,-5.123803e+02
151,-4.784930e+01,-2.639184e+02,-1.435770e+03,-3.654801e+01,-5.169502e+01,-1.330570e+02,-4.848622e+01,-5.052987e+01,-2.012064e+02
152,-4.665015e+01,-2.407758e+02,-1.505339e+03,-3.661447e+01,-5.168118e+01,-1.324885e+02,-4.651952e+01,-5.025389e+01,-6.604118e+02
153,-4.674971e+01,-2.718849e+02,-1.505438e+03,-3.668072e+01,-5.168223e+01,-1.319282e+02,-4.851791e+01,-5.029174e+01,-2.089605e+02
154,-4.492055e+01,-2.697956e+02,-1.503609e+03,-3.673422e+01,-5.166281e+01,-1.313632e+02,-4.709282e+01,-4.999749e+01,-4.432514e+02
155,-4.273405e+01,-2.659671e+02,-1.481282e+03,-3.677293e+01,-5.163638e+01,-1.307914e+02,-4.550747e+01,-5.477142e+01,-8.153116e+02
156,-4.350505e+01,-2.491960e+02,-1.355534e+03,-3.681609e+01,-5.159895e+01,-1.302319e+02,-4.459867e+01,-5.126053e+01,-6.307109e+02
157,-4.999116e+01,-2.471479e+02,-1.299120e+03,-3.690000e+01,-5.162560e+01,-1.297208e+02,-4.786876e+01,-5.091341e+01,-2.860609e+02
158,-4.939987e+01,-2.482270e+02,-1.451640e+03,-3.697912e+01,-5.164267e+01,-1.292124e+02,-4.808227e+01,-5.116063e+01,-2.584985e+02
159,-5.013384e+01,-2.425432e+02,-1.409300e+03,-3.706185e+01,-5.166143e+01,-1.287151e+02,-4.814081e+01,-5.247094e+01,-2.607331e+02
160,-4.647464e+01,-2.645191e+02,-1.358715e+03,-3.712068e+01,-5.164526e+01,-1.282011e+02,-4.763500e+01,-5.211829e+01,-3.425564e+02
161,-4.310274e+01,-2.644287e+02,-1.445343e+03,-3.715784e+01,-5.161628e+01,-1.276725e+02,-4.576068e+01,-5.162660e+01,-6.429075e+02
162,-4.617800e+01,-2.572851e+02,-1.379175e+03,-3.721352e+01,-5.159837e+01,-1.271694e+02,-4.740234e+01,-5.308607e+01,-3.778403e+02
163,-4.876808e+01,-2.442563e+02,-1.428388e+03,-3.728440e+01,-5.160264e+01,-1.266884e+02,-4.754117e+01,-5.227965e+01,-3.776150e+02
164,-4.995415e+01,-2.421703e+02,-1.409120e+03,-3.736166e+01,-5.160350e+01,-1.262206e+02,-4.835457e+01,-5.088657e+01,-4.939718e+02
165,-4.812125e+01,-2.550993e+02,-1.381118e+03,-3.742687e+01,-5.160383e+01,-1.257472e+02,-4.846067e+01,-5.089284e+01,-5.018425e+02
166,-4.704989e+01,-2.716212e+02,-1.415739e+03,-3.748484e+01,-5.160978e+01,-1.252731e+02,-4.828940e+01,-5.165635e+01,-5.030123e+02
167,-4.531442e+01,-2.784133e+02,-1.445016e+03,-3.753172e+01,-5.159590e+01,-1.247944e+02,-4.832630e+01,-5.171627e+01,-5.020425e+02
168,-4.755413e+01,-2.659058e+02,-1.427174e+03,-3.759138e+01,-5.160379e+01,-1.243346e+02,-4.839542e+01,-5.095254e+01,-5.029855e+02
169,-4.990769e+01,-2.454935e+02,-1.273157e+03,-3.766426e+01,-5.162490e+01,-1.238942e+02,-4.820315e+01,-5.056944e+01,-3.549503e+02
170,-4.762952e+01,-2.535449e+02,-1.461886e+03,-3.772288e+01,-5.162849e+01,-1.234456e+02,-4.769897e+01,-5.171922e+01,-4.629265e+02
171,-4.527489e+01,-2.505000e+02,-1.354976e+03,-3.776704e+01,-5.162129e+01,-1.229884e+02,-4.636776e+01,-5.266390e+01,-5.263041e+02
172,-4.690052e+01,-2.433981e+02,-1.449140e+03,-3.782014e+01,-5.162273e+01,-1.225461e+02,-4.660613e+01,-4.979431e+01,-4.043083e+02
173,-4.635828e+01,-2.648708e+02,-1.405525e+03,-3.786949e+01,-5.161219e+01,-1.221057e+02,-4.810751e+01,-5.075787e+01,-3.203700e+02
174,-4.491911e+01,-2.699990e+02,-1.358618e+03,-3.791001e+01,-5.160058e+01,-1.216621e+02,-4.699844e+01,-5.067289e+01,-4.106277e+02
175,-4.556752e+01,-2.613440e+02,-1.404734e+03,-3.795377e+01,-5.158944e+01,-1.212272e+02,-4.733997e+01,-4.937823e+01,-4.577090e+02
176,-4.509356e+01,-2.517154e+02,-1.604340e+03,-3.799433e+01,-5.157182e+01,-1.207947e+02,-4.591465e+01,-5.158624e+01,-5.316125e+02
177,-4.623339e+01,-2.281448e+02,-1.515199e+03,-3.804088e+01,-5.156963e+01,-1.203734e+02,-4.501609e+01,-5.086671e+01,-6.667466e+02
178,-4.736664e+01,-2.490095e+02,-1.557551e+03,-3.809327e+01,-5.158293e+01,-1.199633e+02,-4.701947e+01,-5.098375e+01,-3.128868e+02
179,-4.736425e+01,-2.488005e+02,-1.360184e+03,-3.814507e+01,-5.160418e+01,-1.195577e+02,-4.757636e+01,-5.205175e+01,-7.258734e+02
180,-4.232338e+01,-2.679777e+02,-1.444563e+03,-3.816828e+01,-5.157170e+01,-1.191286e+02,-4.583286e+01,-5.184542e+01,-7.406620e+02
181,-4.407502e+01,-2.817384e+02,-1.496209e+03,-3.820091e+01,-5.155870e+01,-1.187139e+02,-4.771461e+01,-5.202224e+01,-4.429645e+02
182,-4.397761e+01,-2.677531e+02,-1.502666e+03,-3.823265e+01,-5.155251e+01,-1.183033e+02,-4.667833e+01,-5.283934e+01,-6.297746e+02
183,-4.594819e+01,-2.382481e+02,-1.358768e+03,-3.827482e+01,-5.155185e+01,-1.179079e+02,-4.588775e+01,-5.145999e+01,-6.715654e+02
184,-4.750077e+01,-2.581192e+02,-1.438925e+03,-3.832496e+01,-5.155295e+01,-1.175253e+02,-4.749265e+01,-5.057298e+01,-4.492565e+02
185,-4.969414e+01,-2.460120e+02,-1.347615e+03,-3.838641e+01,-5.156947e+01,-1.171586e+02,-4.841097e+01,-4.992585e+01,-1.673205e+02
186,-4.690335e+01,-2.675488e+02,-1.434824e+03,-3.843220e+01,-5.158010e+01,-1.167809e+02,-4.855202e+01,-4.982035e+01,-1.739437e+02
187,-4.620212e+01,-2.745859e+02,-1.405368e+03,-3.847375e+01,-5.157934e+01,-1.164035e+02,-4.818346e+01,-5.186270e+01,-3.417428e+02
188,-4.705901e+01,-2.696195e+02,-1.606306e+03,-3.851942e+01,-5.158506e+01,-1.160346e+02,-4.840565e+01,-5.057231e+01,-2.784717e+02
189,-4.537359e+01,-2.648553e+02,-1.343294e+03,-3.855568e+01,-5.156777e+01,-1.156608e+02,-4.779452e+01,-4.986149e+01,-3.109032e+02
190,-4.756625e+01,-2.564423e+02,-1.427186e+03,-3.860311e+01,-5.156866e+01,-1.153024e+02,-4.779319e+01,-5.023128e+01,-2.661585e+02
191,-4.807851e+01,-2.579278e+02,-1.558263e+03,-3.865272e+01,-5.157757e+01,-1.149504e+02,-4.804075e+01,-5.362932e+01,-7.382456e+02
192,-4.533840e+01,-2.790752e+02,-1.587472e+03,-3.868754e+01,-5.155545e+01,-1.145878e+02,-4.860269e+01,-4.957747e+01,-1.675117e+02
193,-4.599484e+01,-2.756223e+02,-1.471439e+03,-3.872540e+01,-5.154341e+01,-1.142324e+02,-4.807836e+01,-5.041197e+01,-3.973066e+02
194,-4.859281e+01,-2.595145e+02,-1.346513e+03,-3.877626e+01,-5.154827e+01,-1.138941e+02,-4.864036e+01,-4.970389e+01,-2.238900e+02
195,-4.826992e+01,-2.534963e+02,-1.447971e+03,-3.882495e+01,-5.155839e+01,-1.135576e+02,-4.860185e+01,-4.951288e+01,-1.671779e+02
196,-4.914779e+01,-2.412794e+02,-1.437068e+03,-3.887762e+01,-5.155937e+01,-1.132289e+02,-4.779522e+01,-5.099545e+01,-5.021860e+02
197,-4.590197e+01,-2.783158e+02,-1.306836e+03,-3.891327e+01,-5.154687e+01,-1.128872e+02,-4.850395e+01,-5.084864e+01,-5.021520e+02
198,-4.958616e+01,-2.455970e+02,-1.591720e+03,-3.896718e+01,-5.155049e+01,-1.125675e+02,-4.861060e+01,-4.988310e+01,-3.778314e+02
199,-4.776696e+01,-2.660092e+02,-1.380764e+03,-3.901140e+01,-5.156323e+01,-1.122418e+02,-4.850762e+01,-5.074893e+01,-4.872272e+02
200,-4.575285e+01,-2.724388e+02,-1.497887e+03,-3.904510e+01,-5.156081e+01,-1.119094e+02,-4.812049e+01,-5.030481e+01,-3.681928e+02
